[{"movie_id": ["cbtn-1418200"], "comment_id": 2756778, "people": "原 子", "useful_num": "1420", "time": ["2006-05-01 23:57:01"], "content": [" 这达西先生是痴呆不是傲慢吧……\n        "], "URL": "https://movie.douban.com/subject/1418200/comments", "people_url": "https://www.douban.com/people/iamSylvie/", "star": "allstar30 rating"}
{"movie_id": ["cbtn-1418200"], "comment_id": 3596235, "people": "露娜peace", "useful_num": "1236", "time": ["2006-06-12 10:16:02"], "content": [" 最爱~~~伊丽莎白在大雾中看到渐渐清晰向自己走来的达西先生，我眼睛都湿润了……\n        "], "URL": "https://movie.douban.com/subject/1418200/comments", "people_url": "https://www.douban.com/people/babyblue/", "star": "allstar50 rating"}
{"movie_id": ["cbtn-1418200"], "comment_id": 551339777, "people": "桃桃淘电影", "useful_num": "834", "time": ["2012-07-02 20:39:13"], "content": [" 乔·怀特对长镜头有种奇怪的迷恋，总会用那么一两处调度极其复杂的长镜头。美术真棒，布景超华丽，外景也漂亮，摄影很美。情绪很饱满，有几处细节很用心。当然，对于原著党来说，她们是永远不会满意的\n        "], "URL": "https://movie.douban.com/subject/1418200/comments", "people_url": "https://www.douban.com/people/qijiuzhiyue/", "star": "allstar40 rating"}
{"movie_id": ["cbtn-1418200"], "comment_id": 27270658, "people": "Smile Heaven", "useful_num": "531", "time": ["2007-12-27 20:39:09"], "content": [" 烂。我讨厌凯拉·奈特莉！\n        "], "URL": "https://movie.douban.com/subject/1418200/comments", "people_url": "https://www.douban.com/people/smileheaven/", "star": "allstar20 rating"}
{"movie_id": ["cbtn-1418200"], "comment_id": 2062648, "people": "kingfish", "useful_num": "647", "time": ["2006-03-23 09:55:42"], "content": [" 拍得挺美的,拍名著只要不把它拍砸了就是胜利\n        "], "URL": "https://movie.douban.com/subject/1418200/comments", "people_url": "https://www.douban.com/people/kingfish/", "star": "allstar50 rating"}
{"movie_id": ["cbtn-1418200"], "comment_id": 41630430, "people": "littletwo", "useful_num": "526", "time": ["2008-05-22 23:19:19"], "content": [" 女演员总是傻笑，演达西的男演员也太让我失望了……\n        "], "URL": "https://movie.douban.com/subject/1418200/comments", "people_url": "https://www.douban.com/people/littletwo/", "star": "allstar20 rating"}
{"movie_id": ["cbtn-1418200"], "comment_id": 3326066, "people": "Suki Cheng", "useful_num": "385", "time": ["2006-05-29 21:43:34"], "content": [" Keira演得真是有点造作\n        "], "URL": "https://movie.douban.com/subject/1418200/comments", "people_url": "https://www.douban.com/people/1057173/", "star": "comment-time"}
{"movie_id": ["cbtn-1418200"], "comment_id": 18304912, "people": "l o a f", "useful_num": "336", "time": ["2007-08-08 18:32:12"], "content": [" Knightley把lizzy给毁了，演技太差...不过音乐很好听\n        "], "URL": "https://movie.douban.com/subject/1418200/comments", "people_url": "https://www.douban.com/people/zero1979/", "star": "allstar10 rating"}
{"movie_id": ["cbtn-1418200"], "comment_id": 49485798, "people": "战国客", "useful_num": "309", "time": ["2008-07-17 16:22:40"], "content": [" 凯拉·奈特丽嘴太大了，样子太现代了，一点没有那个年代的感觉~~\n        "], "URL": "https://movie.douban.com/subject/1418200/comments", "people_url": "https://www.douban.com/people/ocean_kwai/", "star": "allstar20 rating"}
{"movie_id": ["cbtn-1418200"], "comment_id": 130233260, "people": "jj73浅之", "useful_num": "314", "time": ["2009-06-14 16:07:19"], "content": [" 真受不鸟凯拉奈特莉狰狞的笑容\n        "], "URL": "https://movie.douban.com/subject/1418200/comments", "people_url": "https://www.douban.com/people/asano/", "star": "allstar40 rating"}
{"movie_id": ["cbtn-1418200"], "comment_id": 36389935, "people": "cheri", "useful_num": "297", "time": ["2008-04-08 16:19:48"], "content": [" 不喜欢女主角\n        "], "URL": "https://movie.douban.com/subject/1418200/comments", "people_url": "https://www.douban.com/people/doris./", "star": "allstar20 rating"}
{"movie_id": ["cbtn-1418200"], "comment_id": 41013108, "people": "Q。", "useful_num": "368", "time": ["2008-05-18 01:14:11"], "content": [" 喜欢导演对光线的运用，很多时候特别唯美。那个时代表达爱情的方式含蓄中有热烈，两人间保持着礼节的距离，目光却可以表达纯净、真挚的情感。片中温馨，平和的氛围，宛如一杯午后红茶，音乐也相当不错。但始终更喜欢BBC版。★★★☆\n        "], "URL": "https://movie.douban.com/subject/1418200/comments", "people_url": "https://www.douban.com/people/airan712/", "star": "allstar40 rating"}
{"movie_id": ["cbtn-1418200"], "comment_id": 442827755, "people": "TT", "useful_num": "332", "time": ["2011-10-04 21:28:48"], "content": [" 那个傲慢的人在溢满雾气的晨曦中走来，用最卑微的姿态求你爱他，甚是美好\n        "], "URL": "https://movie.douban.com/subject/1418200/comments", "people_url": "https://www.douban.com/people/31705095/", "star": "allstar50 rating"}
{"movie_id": ["cbtn-1418200"], "comment_id": 73104601, "people": "衣莎贝", "useful_num": "159", "time": ["2008-11-17 00:48:03"], "content": [" 可圈点的只有音乐和摄影，没有灵魂的电影，MM的眼神不错。\n        "], "URL": "https://movie.douban.com/subject/1418200/comments", "people_url": "https://www.douban.com/people/isabellewang/", "star": "allstar20 rating"}
{"movie_id": ["cbtn-1418200"], "comment_id": 14888107, "people": "Elizabeth", "useful_num": "215", "time": ["2007-05-28 14:27:20"], "content": [" 特別喜歡 看很多次了\n        "], "URL": "https://movie.douban.com/subject/1418200/comments", "people_url": "https://www.douban.com/people/morn/", "star": "allstar50 rating"}
{"movie_id": ["cbtn-1418200"], "comment_id": 10072659, "people": "泠风", "useful_num": "136", "time": ["2007-02-03 17:48:11"], "content": [" 烂\n        "], "URL": "https://movie.douban.com/subject/1418200/comments", "people_url": "https://www.douban.com/people/patience/", "star": "allstar10 rating"}
{"movie_id": ["cbtn-1418200"], "comment_id": 481702073, "people": "芦哲峰", "useful_num": "190", "time": ["2012-01-13 11:51:26"], "content": [" 英伦田园的风景美丽如画，绅士淑女的爱情曲折如诗；也许这不是最好的一版，但绝对是最美的一版，画面太迷人了。\n        "], "URL": "https://movie.douban.com/subject/1418200/comments", "people_url": "https://www.douban.com/people/luhua/", "star": "allstar40 rating"}
{"movie_id": ["cbtn-1418200"], "comment_id": 474740489, "people": "陀螺凡达可", "useful_num": "161", "time": ["2011-12-28 04:55:41"], "content": [" 这一版的每一刻都美得让我心醉。特别是片尾达西从田野的晨雾中向伊丽莎白走来的镜头~\n        "], "URL": "https://movie.douban.com/subject/1418200/comments", "people_url": "https://www.douban.com/people/cabaret/", "star": "allstar50 rating"}
{"movie_id": ["cbtn-1418200"], "comment_id": 4324544, "people": "liaz", "useful_num": "116", "time": ["2006-07-26 17:01:06"], "content": [" 蠻失敗的版本。男主角，很差\n        "], "URL": "https://movie.douban.com/subject/1418200/comments", "people_url": "https://www.douban.com/people/ccliachou/", "star": "comment-time"}
{"movie_id": ["cbtn-1418200"], "comment_id": 231428997, "people": "已注销", "useful_num": "111", "time": ["2010-03-21 04:12:18"], "content": [" 怎么出现那么多傻笑。\n        "], "URL": "https://movie.douban.com/subject/1418200/comments", "people_url": "https://www.douban.com/people/post-rocker/", "star": "allstar20 rating"}
{"movie_id": ["cbtn-2209573"], "comment_id": 82426991, "people": "已注销", "useful_num": "576", "time": ["2009-02-27 23:19:52"], "content": [" 杰玛在老大家中劝拉媞卡跟他一起逃走。\n拉媞卡：那我们靠什么生活？\n杰玛：爱\n\n这就是现实中的爱情和电影中的爱情的差距。\n        "], "URL": "https://movie.douban.com/subject/2209573/comments", "people_url": "https://www.douban.com/people/post-rocker/", "star": "allstar50 rating"}
{"movie_id": ["cbtn-2209573"], "comment_id": 106088725, "people": "苏比", "useful_num": "407", "time": ["2009-03-22 23:21:33"], "content": [" 近年最弱金像影片。\n        "], "URL": "https://movie.douban.com/subject/2209573/comments", "people_url": "https://www.douban.com/people/mysubi/", "star": "allstar30 rating"}
{"movie_id": ["cbtn-2209573"], "comment_id": 88235759, "people": "掀桌超人｜2U4U", "useful_num": "455", "time": ["2010-05-23 13:26:03"], "content": [" 得2000万的时候全场欢呼，我却哭了，为他哥。life is shit, but god is great.\n        "], "URL": "https://movie.douban.com/subject/2209573/comments", "people_url": "https://www.douban.com/people/dyinsun/", "star": "allstar50 rating"}
{"movie_id": ["cbtn-2209573"], "comment_id": 87074785, "people": "偏时差", "useful_num": "362", "time": ["2009-01-15 17:46:11"], "content": [" 主持人真的很像毕福剑\n        "], "URL": "https://movie.douban.com/subject/2209573/comments", "people_url": "https://www.douban.com/people/ananpsc/", "star": "allstar30 rating"}
{"movie_id": ["cbtn-2209573"], "comment_id": 88045324, "people": "水木丁", "useful_num": "275", "time": ["2009-01-15 01:37:51"], "content": [" 这一次，好莱坞山寨了宝莱坞。\n        "], "URL": "https://movie.douban.com/subject/2209573/comments", "people_url": "https://www.douban.com/people/pinkonion/", "star": "allstar30 rating"}
{"movie_id": ["cbtn-2209573"], "comment_id": 121543746, "people": "十七只猫和鱼", "useful_num": "254", "time": ["2009-05-16 12:54:40"], "content": [" 破开心辞典能得奥斯卡奖\n        "], "URL": "https://movie.douban.com/subject/2209573/comments", "people_url": "https://www.douban.com/people/cat17fish1/", "star": "allstar20 rating"}
{"movie_id": ["cbtn-2209573"], "comment_id": 85305050, "people": "深海的心", "useful_num": "254", "time": ["2009-01-04 20:02:20"], "content": [" 他亲吻着她脸上的疤痕，那是为他而受的伤害。这片子挺感人的，可是，现实中又有谁能如此坚持，等待命中注定？\n        "], "URL": "https://movie.douban.com/subject/2209573/comments", "people_url": "https://www.douban.com/people/oceanheart/", "star": "allstar50 rating"}
{"movie_id": ["cbtn-2209573"], "comment_id": 156279214, "people": "镜听", "useful_num": "219", "time": ["2009-09-05 23:54:26"], "content": [" 想了想，还是给了四星——其实我觉得它没有那么好。动人的音乐，流畅的节奏，美丽的画面——纵然肮脏也是美丽的，自始至终都充满了那种顽强的，不可遏止的生命力。\n但还是觉得……无论如何都有着欧美导演看东方那种猎奇的意思。这种“猎奇”对我们来说其实也是一样——繁华与污秽并存的孟买，阳光尘土中的泰姬陵，黑暗的街巷，垃圾堆上的贫民窟……包含的元素和符号太多了。固然有着野心和足够的手段，但同时也会冲散很多东西。\n大概还是心存警惕。不过无论如何，丹导还是有两把刷子的……这年头会讲故事的导演已经不多了。\n        "], "URL": "https://movie.douban.com/subject/2209573/comments", "people_url": "https://www.douban.com/people/obiani/", "star": "allstar40 rating"}
{"movie_id": ["cbtn-2209573"], "comment_id": 83811508, "people": "影志", "useful_num": "195", "time": ["2008-12-29 22:50:48"], "content": [" just a love story again 基本上就是：《上帝之城》+《猜火车》+《阿甘正传》+《开心辞典》！本片又名：山寨富翁 / 阳光小阿三 囧！\n\n\n        "], "URL": "https://movie.douban.com/subject/2209573/comments", "people_url": "https://www.douban.com/people/tjz230/", "star": "allstar40 rating"}
{"movie_id": ["cbtn-2209573"], "comment_id": 87441963, "people": "Zephyrance", "useful_num": "160", "time": ["2009-03-02 00:08:48"], "content": [" 哪有那么好啊。。囧\n        "], "URL": "https://movie.douban.com/subject/2209573/comments", "people_url": "https://www.douban.com/people/zephyrance/", "star": "allstar30 rating"}
{"movie_id": ["cbtn-2209573"], "comment_id": 82910372, "people": "果酱☮", "useful_num": "104", "time": ["2009-01-22 05:54:47"], "content": [" 深刻体会到命中注定一词的含义了。怎么那么多人打5星，我客观点还是给了4星。没办法，最高就是5星，我觉得这片子不至于最高，要不然猜火车该往哪放呢！\n        "], "URL": "https://movie.douban.com/subject/2209573/comments", "people_url": "https://www.douban.com/people/solodaisy/", "star": "allstar40 rating"}
{"movie_id": ["cbtn-2209573"], "comment_id": 83896843, "people": "眠去", "useful_num": "81", "time": ["2009-01-20 11:42:10"], "content": [" It is written\n        "], "URL": "https://movie.douban.com/subject/2209573/comments", "people_url": "https://www.douban.com/people/rebekah/", "star": "allstar50 rating"}
{"movie_id": ["cbtn-2209573"], "comment_id": 87456560, "people": "晨光荣耀", "useful_num": "54", "time": ["2009-01-16 22:38:18"], "content": [" 很好的题材，但还是少了点什么\n        "], "URL": "https://movie.douban.com/subject/2209573/comments", "people_url": "https://www.douban.com/people/morningglory/", "star": "allstar40 rating"}
{"movie_id": ["cbtn-2209573"], "comment_id": 79641398, "people": "艾小柯", "useful_num": "39", "time": ["2008-12-14 09:27:37"], "content": [" 一歌到底，谁解我心\n        "], "URL": "https://movie.douban.com/subject/2209573/comments", "people_url": "https://www.douban.com/people/aixiaoke/", "star": "allstar50 rating"}
{"movie_id": ["cbtn-2209573"], "comment_id": 116303619, "people": "九尾黑猫", "useful_num": "39", "time": ["2009-04-27 11:57:19"], "content": [" 特别像文艺片导演拍的大片，还是挺有情怀的。不觉得是贩卖贫穷，是人家那种追求真爱的精神嘛~特别符合美国梦的要求。\n        "], "URL": "https://movie.douban.com/subject/2209573/comments", "people_url": "https://www.douban.com/people/LadyInSatin/", "star": "allstar40 rating"}
{"movie_id": ["cbtn-2209573"], "comment_id": 111499668, "people": "小米=qdmimi", "useful_num": "29", "time": ["2009-04-10 12:17:23"], "content": [" 实至名归\n        "], "URL": "https://movie.douban.com/subject/2209573/comments", "people_url": "https://www.douban.com/people/qdmimi19810920/", "star": "allstar50 rating"}
{"movie_id": ["cbtn-2209573"], "comment_id": 80171106, "people": "Q。", "useful_num": "24", "time": ["2008-12-31 14:37:35"], "content": [" 钱、女人，印度的一个社会剖面。 ★★★★\n        "], "URL": "https://movie.douban.com/subject/2209573/comments", "people_url": "https://www.douban.com/people/airan712/", "star": "allstar40 rating"}
{"movie_id": ["cbtn-2209573"], "comment_id": 85143051, "people": "桃桃淘电影", "useful_num": "22", "time": ["2009-01-04 08:53:35"], "content": [" 这片太··唉\n        "], "URL": "https://movie.douban.com/subject/2209573/comments", "people_url": "https://www.douban.com/people/qijiuzhiyue/", "star": "allstar30 rating"}
{"movie_id": ["cbtn-2209573"], "comment_id": 87475742, "people": "安东妮", "useful_num": "15", "time": ["2009-03-02 16:48:26"], "content": [" 金融危机下给世界人民加油打气片，宝莱坞出品的差不多。丹尼爆伊你也太堕落了！了！\n        "], "URL": "https://movie.douban.com/subject/2209573/comments", "people_url": "https://www.douban.com/people/antonia/", "star": "allstar20 rating"}
{"movie_id": ["cbtn-2209573"], "comment_id": 89097465, "people": "城南草木生", "useful_num": "11", "time": ["2009-01-31 03:25:38"], "content": [" 功课做足精神欠奉\n        "], "URL": "https://movie.douban.com/subject/2209573/comments", "people_url": "https://www.douban.com/people/mydear1011/", "star": "allstar40 rating"}
{"movie_id": ["cbtn-1907966"], "comment_id": 669662715, "people": "局长", "useful_num": "2515", "time": ["2013-04-20 17:46:27"], "content": [" 尼古拉斯.凯奇 最近十年最好的作品。\n        "], "URL": "https://movie.douban.com/subject/1907966/comments", "people_url": "https://www.douban.com/people/chunsue/", "star": "allstar50 rating"}
{"movie_id": ["cbtn-1907966"], "comment_id": 660765314, "people": "第六天大萌王", "useful_num": "1241", "time": ["2013-03-30 19:11:55"], "content": [" 和这个比起来ice age系列弱爆了。。。and没有男人有不要捉急，只要你力气够大，身为女汉子你总有一天能给自己抓一只男盆友\n        "], "URL": "https://movie.douban.com/subject/1907966/comments", "people_url": "https://www.douban.com/people/2194011/", "star": "allstar50 rating"}
{"movie_id": ["cbtn-1907966"], "comment_id": 669631967, "people": "影志", "useful_num": "828", "time": ["2013-04-20 16:26:28"], "content": [" 《超人总动员》一家人的团结与各显神通、《冰河世纪》的原野放逐与聒噪搞笑、《勇敢传说》的脉脉亲情、《阿凡达》的奇观异景、《驯龙高手》的各色萌兽……前后呼应、没有一个多余的情节，过山车式爽快节奏，一路笑着哭。2014第86届奥斯卡最佳动画长片预定提名\n        "], "URL": "https://movie.douban.com/subject/1907966/comments", "people_url": "https://www.douban.com/people/tjz230/", "star": "allstar50 rating"}]