[{"movie_id": ["cbtn-1292052"], "URL": "https://movie.douban.com/subject/1292052/comments", "star": "allstar50 rating", "content": [" 不需要女主角的好电影\n        "], "comment_id": 2050003, "people": "kingfish", "useful_num": "11314", "time": ["2006-03-22 12:38:09"], "people_url": "https://www.douban.com/people/kingfish/"},
{"movie_id": ["cbtn-1292052"], "URL": "https://movie.douban.com/subject/1292052/comments", "star": "allstar50 rating", "content": [" 恐惧让你沦为囚犯，希望让你重获自由。——《肖申克的救赎》\n        "], "comment_id": 32514679, "people": "如小果", "useful_num": "7277", "time": ["2008-02-27 21:43:23"], "people_url": "https://www.douban.com/people/ruxiaoguo/"},
{"movie_id": ["cbtn-1292052"], "URL": "https://movie.douban.com/subject/1292052/comments", "star": "allstar50 rating", "content": [" 策划了19年的私奔……\n        "], "comment_id": 233959689, "people": "711|湯好运", "useful_num": "4121", "time": ["2010-03-27 21:30:29"], "people_url": "https://www.douban.com/people/madeinds/"},
{"movie_id": ["cbtn-1292052"], "URL": "https://movie.douban.com/subject/1292052/comments", "star": "allstar50 rating", "content": [" 当年的奥斯卡颁奖礼上，被如日中天的《阿甘正传》掩盖了它的光彩，而随着时间的推移，这部电影在越来越多的人们心中的地位已超越了《阿甘》。每当现实令我疲惫得产生无力感，翻出这张碟，就重获力量。毫无疑问，本片位列男人必看的电影前三名！回顾那一段经典台词：“有的人的羽翼是如此光辉，即使世界上最黑暗的牢狱，也无法长久地将他围困！”\n        "], "comment_id": 477351, "people": "犀牛", "useful_num": "4145", "time": ["2005-10-28 00:28:07"], "people_url": "https://www.douban.com/people/whiterhinoceros/"}
{"movie_id": ["cbtn-1292052"], "URL": "https://movie.douban.com/subject/1292052/comments", "star": "allstar50 rating", "content": [" 关于希望最强有力的注释。\n        "], "comment_id": 3728484, "people": "艾小柯", "useful_num": "3504", "time": ["2006-06-20 03:18:55"], "people_url": "https://www.douban.com/people/aixiaoke/"},
{"movie_id": ["cbtn-1292052"], "URL": "https://movie.douban.com/subject/1292052/comments", "star": "allstar50 rating", "content": [" 有种鸟是关不住的.\n        "], "comment_id": 15267881, "people": "[已注销]", "useful_num": "3093", "time": ["2007-06-06 12:22:55"], "people_url": "https://www.douban.com/people/hideinthecrowd/"},
{"movie_id": ["cbtn-1292052"], "URL": "https://movie.douban.com/subject/1292052/comments", "star": "allstar50 rating", "content": [" 忒经典的东西,我要带去我的坟墓\n        "], "comment_id": 19505494, "people": "seawaver", "useful_num": "2467", "time": ["2007-08-29 17:21:44"], "people_url": "https://www.douban.com/people/seawaver/"},
{"movie_id": ["cbtn-1292052"], "URL": "https://movie.douban.com/subject/1292052/comments", "star": "allstar50 rating", "content": [" 超级喜欢超级喜欢,不看的话人生不圆满.\n        "], "comment_id": 980059, "people": "寂地", "useful_num": "1922", "time": ["2006-01-02 23:57:15"], "people_url": "https://www.douban.com/people/zyl622/"},
{"movie_id": ["cbtn-1292052"], "URL": "https://movie.douban.com/subject/1292052/comments", "star": "allstar50 rating", "content": [" “这是一部男人必看的电影。”人人都这么说。但单纯从性别区分，就会让这电影变狭隘。《肖申克的救赎》突破了男人电影的局限，通篇几乎充满令人难以置信的温馨基调，而电影里最伟大的主题是“希望”。\r\n当我们无奈地遇到了如同肖申克一般囚禁了心灵自由的那种囹圄，我们是无奈的老布鲁克，灰心的瑞德，还是智慧的安迪？运用智慧，信任希望，并且勇敢面对恐惧心理，去打败它？\r\n经典的电影之所以经典，因为他们都在做同一件事——让你从不同的角度来欣赏希望的美好。\n        "], "comment_id": 40114704, "people": "Eve|Classified", "useful_num": "2029", "time": ["2008-05-09 23:15:34"], "people_url": "https://www.douban.com/people/eve42/"}
{"movie_id": ["cbtn-1292052"], "URL": "https://movie.douban.com/subject/1292052/comments", "star": "allstar20 rating", "content": [" 真的不喜欢，不好看，没感觉\n        "], "comment_id": 34253734, "people": "九尾黑猫", "useful_num": "1107", "time": ["2008-03-19 00:32:02"], "people_url": "https://www.douban.com/people/LadyInSatin/"},
{"movie_id": ["cbtn-1292052"], "URL": "https://movie.douban.com/subject/1292052/comments", "star": "allstar50 rating", "content": [" 这无疑是我看得最多的一部经典,爱死\n        "], "comment_id": 1464087, "people": "独行狼", "useful_num": "1287", "time": ["2006-02-11 01:41:00"], "people_url": "https://www.douban.com/people/guoyilang/"},
{"movie_id": ["cbtn-1292052"], "URL": "https://movie.douban.com/subject/1292052/comments", "star": "allstar30 rating", "content": [" 点在哪？浅白的励志片诶\n        "], "comment_id": 118451401, "people": "安东妮", "useful_num": "680", "time": ["2009-05-05 02:56:43"], "people_url": "https://www.douban.com/people/antonia/"},
{"movie_id": ["cbtn-1292052"], "URL": "https://movie.douban.com/subject/1292052/comments", "star": "allstar40 rating", "content": [" 人的生命不过是从一个洞穴通往另一个世界..然后在那个世界的雨中继续颤抖.i hope\n        "], "comment_id": 28737569, "people": "文泽尔", "useful_num": "802", "time": ["2008-01-14 01:53:08"], "people_url": "https://www.douban.com/people/wenzel/"}
{"movie_id": ["cbtn-1292052"], "URL": "https://movie.douban.com/subject/1292052/comments", "star": "allstar50 rating", "content": [" Fear Can Hold You Prisoner, Hope Can Set You Free\n        "], "comment_id": 142054, "people": "影志", "useful_num": "707", "time": ["2006-02-04 05:58:22"], "people_url": "https://www.douban.com/people/tjz230/"},
{"movie_id": ["cbtn-1292052"], "URL": "https://movie.douban.com/subject/1292052/comments", "star": "allstar50 rating", "content": [" 没有人会不喜欢吧！书和电影都好。\n        "], "comment_id": 7096858, "people": "珍妮的肖像", "useful_num": "626", "time": ["2006-11-13 08:41:13"], "people_url": "https://www.douban.com/people/jennyqueen/"},
{"movie_id": ["cbtn-1292052"], "URL": "https://movie.douban.com/subject/1292052/comments", "star": "allstar40 rating", "content": [" Hope is a good thing, and maybe the best thing of all.\n        "], "comment_id": 165800609, "people": "理想多钱一斤啊", "useful_num": "533", "time": ["2009-10-07 19:58:08"], "people_url": "https://www.douban.com/people/MonicaLi/"}
{"movie_id": ["cbtn-1292052"], "URL": "https://movie.douban.com/subject/1292052/comments", "star": "allstar50 rating", "content": [" 越狱我感觉就是改编自这个\n        "], "comment_id": 4982519, "people": "小耳朵图吗", "useful_num": "539", "time": ["2007-08-21 06:50:24"], "people_url": "https://www.douban.com/people/onshuway/"},
{"movie_id": ["cbtn-1292052"], "URL": "https://movie.douban.com/subject/1292052/comments", "star": "allstar50 rating", "content": [" 看完让人很振奋\n        "], "comment_id": 7359526, "people": "毛利", "useful_num": "462", "time": ["2006-11-21 20:12:53"], "people_url": "https://www.douban.com/people/coffeeland/"},
{"movie_id": ["cbtn-1292052"], "URL": "https://movie.douban.com/subject/1292052/comments", "star": "allstar20 rating", "content": [" 有那么好吗？？？？？\n        "], "comment_id": 6040147, "people": "我不绝望", "useful_num": "391", "time": ["2006-10-05 22:11:30"], "people_url": "https://www.douban.com/people/hyuk35zm/"},
{"movie_id": ["cbtn-1292052"], "URL": "https://movie.douban.com/subject/1292052/comments", "star": "allstar30 rating", "content": [" 在我的心目中,它一直都是最被高估的电影。\n        "], "comment_id": 44029801, "people": "小易甫", "useful_num": "441", "time": ["2008-06-08 14:49:34"], "people_url": "https://www.douban.com/people/shallwinyee/"}
{"movie_id": ["cbtn-1292218"], "URL": "https://movie.douban.com/subject/1292218/comments", "star": "allstar30 rating", "content": [" 怪只怪我是先看的《菊次郎的夏天》~~\n        "], "comment_id": 48883606, "people": "战国客", "useful_num": "193", "time": ["2008-07-13 12:09:55"], "people_url": "https://www.douban.com/people/ocean_kwai/"}
{"movie_id": ["cbtn-1292218"], "URL": "https://movie.douban.com/subject/1292218/comments", "star": "allstar50 rating", "content": [" 皱纹，肥胖的身躯，冷漠和伪装出和善的狡诈粗鄙的老女人。小孩子的早熟，瞳孔里尽是惹人厌的怀疑。回想起童年的时光时你一定会喜欢那个时候的你，连泪流满面也不惹人疼惜。这个世界充斥着腐败和狐疑的气味。无人可信无人可依赖，恶与恶之间就如此散开。但任何黑暗中都依然会有人性的闪光点将你推向温柔\n        "], "comment_id": 264105712, "people": "TianXin Chen", "useful_num": "186", "time": ["2010-06-24 23:18:24"], "people_url": "https://www.douban.com/people/nineveh/"}
{"movie_id": ["cbtn-1292218"], "URL": "https://movie.douban.com/subject/1292218/comments", "star": "allstar40 rating", "content": [" 如果有一天，等你开上了卡车，你要记住，我是第一个让你紧握方向盘的人。\n        "], "comment_id": 148991193, "people": "刘小黛", "useful_num": "155", "time": ["2009-11-15 00:37:37"], "people_url": "https://www.douban.com/people/darlingtudai/"}
{"movie_id": ["cbtn-1292218"], "URL": "https://movie.douban.com/subject/1292218/comments", "star": "allstar40 rating", "content": [" 一个不太好的人做好事，心里的挣扎反而更感人。。。\n        "], "comment_id": 373877, "people": "Jean", "useful_num": "146", "time": ["2005-10-07 14:19:45"], "people_url": "https://www.douban.com/people/jean/"}
{"movie_id": ["cbtn-1292218"], "URL": "https://movie.douban.com/subject/1292218/comments", "star": "allstar40 rating", "content": [" 不要让值得记住的人成为那些匆匆而去的过客\n        "], "comment_id": 305198685, "people": "天亮天黑", "useful_num": "120", "time": ["2010-10-17 20:25:50"], "people_url": "https://www.douban.com/people/oldtime/"}
{"movie_id": ["cbtn-1292218"], "URL": "https://movie.douban.com/subject/1292218/comments", "star": "allstar50 rating", "content": [" 我想导演想追寻的并不是主人公小男孩未曾谋面的父亲，也不是老女人消逝的对生活的激情。在那个困顿迷茫的年代，中央车站，是整个巴西的缩影吧，我想影片想唤起的应该是国家的振兴。\n        "], "comment_id": 8822108, "people": "狷介有乌青", "useful_num": "92", "time": ["2007-01-05 17:24:11"], "people_url": "https://www.douban.com/people/kidcby/"}
{"movie_id": ["cbtn-1292218"], "URL": "https://movie.douban.com/subject/1292218/comments", "star": "allstar30 rating", "content": [" 看海报以为是少女，结果是大妈\n        "], "comment_id": 79203242, "people": "Doublebitch", "useful_num": "93", "time": ["2011-02-16 10:33:05"], "people_url": "https://www.douban.com/people/new4new4/"}
{"movie_id": ["cbtn-1292218"], "URL": "https://movie.douban.com/subject/1292218/comments", "star": "allstar30 rating", "content": [" 没啥感觉的公认好片\n        "], "comment_id": 1045461, "people": "影志", "useful_num": "71", "time": ["2006-01-08 05:03:52"], "people_url": "https://www.douban.com/people/tjz230/"}
{"movie_id": ["cbtn-1292218"], "URL": "https://movie.douban.com/subject/1292218/comments", "star": "allstar50 rating", "content": [" 「我懷念一切。」\n        "], "comment_id": 891256, "people": "何倩彤", "useful_num": "54", "time": ["2006-07-18 14:52:55"], "people_url": "https://www.douban.com/people/tenkappa/"}
{"movie_id": ["cbtn-1292218"], "URL": "https://movie.douban.com/subject/1292218/comments", "star": "allstar40 rating", "content": [" 什么时代我们总是还需要这样的导演和这样的电影，因为他们告诉我们不管眼前多么漆黑一片前面总有什么值得期待\n        "], "comment_id": 203216879, "people": "理想多钱一斤啊", "useful_num": "64", "time": ["2010-01-15 17:53:14"], "people_url": "https://www.douban.com/people/MonicaLi/"}
{"movie_id": ["cbtn-1292218"], "URL": "https://movie.douban.com/subject/1292218/comments", "star": "allstar40 rating", "content": [" 在车站做了半辈子昧着良心的事，朵拉在遇到约书亚后，让自己走完了一程心灵的轮回。\n        "], "comment_id": 154083203, "people": "Mr.Charm", "useful_num": "53", "time": ["2009-08-29 19:56:39"], "people_url": "https://www.douban.com/people/Mr.Charm/"}
{"movie_id": ["cbtn-1292218"], "URL": "https://movie.douban.com/subject/1292218/comments", "star": "allstar50 rating", "content": [" 把你送回家，让你找到爸爸，可我的爸爸不爱我，我只有偷偷哭泣。\n        "], "comment_id": 82368075, "people": "深海的心", "useful_num": "52", "time": ["2008-12-24 11:41:18"], "people_url": "https://www.douban.com/people/oceanheart/"}
{"movie_id": ["cbtn-1292218"], "URL": "https://movie.douban.com/subject/1292218/comments", "star": "allstar50 rating", "content": [" 迄今看过的电影中，节奏感最好的作品\n        "], "comment_id": 13800684, "people": "全金属丧逼夜骸", "useful_num": "45", "time": ["2007-05-04 11:44:59"], "people_url": "https://www.douban.com/people/aleckplayer/"}
{"movie_id": ["cbtn-1292218"], "URL": "https://movie.douban.com/subject/1292218/comments", "star": "allstar50 rating", "content": [" 很推荐这片,演员好,讲述得好.\n        "], "comment_id": 1220186, "people": "小約", "useful_num": "25", "time": ["2006-01-21 20:59:17"], "people_url": "https://www.douban.com/people/johnloewi/"}
{"movie_id": ["cbtn-1292218"], "URL": "https://movie.douban.com/subject/1292218/comments", "star": "allstar30 rating", "content": [" 我觉得一般啦.\n        "], "comment_id": 2050927, "people": "kingfish", "useful_num": "13", "time": ["2006-03-22 13:33:45"], "people_url": "https://www.douban.com/people/kingfish/"}
{"movie_id": ["cbtn-1292218"], "URL": "https://movie.douban.com/subject/1292218/comments", "star": "allstar50 rating", "content": [" 公路片\n        "], "comment_id": 32170942, "people": "吴嘎嘎", "useful_num": "23", "time": ["2008-10-17 18:32:24"], "people_url": "https://www.douban.com/people/michaelwu1988/"}
{"movie_id": ["cbtn-1292218"], "URL": "https://movie.douban.com/subject/1292218/comments", "star": "allstar40 rating", "content": [" 美而有趣的人的故事，鲜活、诚恳、现实感强烈，同时具备朴素而自然的精神升华。\n        "], "comment_id": 461437901, "people": "艾小柯", "useful_num": "13", "time": ["2011-11-24 20:36:45"], "people_url": "https://www.douban.com/people/aixiaoke/"}
{"movie_id": ["cbtn-1292218"], "URL": "https://movie.douban.com/subject/1292218/comments", "star": "allstar40 rating", "content": [" 心冷是因为曾经受到过伤害，心暖是因为正在被感动。\n                \n                ", "\n        "], "comment_id": 1171399424, "people": "炫3D", "useful_num": "9", "time": ["2017-03-30 19:44:27"], "people_url": "https://www.douban.com/people/158123544/"}
{"movie_id": ["cbtn-1292218"], "URL": "https://movie.douban.com/subject/1292218/comments", "star": "allstar40 rating", "content": [" 如果早有人欣赏她涂口红的样子，赞美她穿蓝色衣裳的样子，也许她的人生真的就不一样了。想想这女的远比这男孩可怜，无边的冷淡、从小缺少父爱和周遭的不信任充满其人生，庆幸的是，这一路来发现，“耶稣”就在身边。8.3\n        "], "comment_id": 807465663, "people": "李然", "useful_num": "4", "time": ["2014-05-16 23:04:03"], "people_url": "https://www.douban.com/people/jeffersontang/"}
{"movie_id": ["cbtn-1292218"], "URL": "https://movie.douban.com/subject/1292218/comments", "star": "allstar40 rating", "content": [" 我喜欢这个结局。终究还是要回到现实，只是朵拉今后的生活中一定有什么东西是悄然被改变的了。\n        "], "comment_id": 353471993, "people": "沉歌", "useful_num": "10", "time": ["2011-02-13 22:09:59"], "people_url": "https://www.douban.com/people/beiliya/"}
{"movie_id": ["cbtn-2365260"], "URL": "https://movie.douban.com/subject/2365260/comments", "star": "allstar50 rating", "content": [" 我们不能在一起了，但这并不代表我不爱你 。\n        "], "comment_id": 34226708, "people": "shu", "useful_num": "1218", "time": ["2008-03-18 18:58:38"], "people_url": "https://www.douban.com/people/shinewewe/"}
  ]