[{"movie_id": ["cbtn-1851857"], "comment_id": 57022886, "people": "bayer04", "useful_num": "5481", "time": ["2008-08-29 22:07:30"], "content": [" 诺兰接手后蝙蝠侠和其它漫画英雄片完全不是一个等级了\n        "], "URL": "https://movie.douban.com/subject/1851857/comments", "people_url": "https://www.douban.com/people/bayer04040404/", "star": "allstar50 rating"}
{"movie_id": ["cbtn-1851857"], "comment_id": 41837981, "people": "Lan~die", "useful_num": "3289", "time": ["2008-09-05 00:00:06"], "content": [" 蝙蝠侠、双面人和小丑这三个形象把人在善恶两面的矛盾及选择映射得淋漓尽致，于是成就了史上最佳漫画和英雄电影。时光网：“诺兰让关于艺术片和商业片的讨论变得毫无价值。《黑暗骑士》不但拍出了古典悲剧的感觉，还探讨了恐怖主义、越界权力等美国当代的热点话题。最关键的是，电影好看得无懈可击。”\n        "], "URL": "https://movie.douban.com/subject/1851857/comments", "people_url": "https://www.douban.com/people/Lan.die/", "star": "allstar50 rating"}
{"movie_id": ["cbtn-1851857"], "comment_id": 298719400, "people": "小羽贯众", "useful_num": "2795", "time": ["2010-09-29 21:24:18"], "content": [" 公司每年业务增长率稳定在8％，这里面必有猫腻。。。这是什么台词啊。。。\n        "], "URL": "https://movie.douban.com/subject/1851857/comments", "people_url": "https://www.douban.com/people/1244930/", "star": "allstar30 rating"}
{"movie_id": ["cbtn-1851857"], "comment_id": 58370837, "people": "暗礁", "useful_num": "2275", "time": ["2008-09-07 11:27:48"], "content": [" 伟大之作,与其在文艺片里奋战,不如像这样提升商业片的水准!\n        "], "URL": "https://movie.douban.com/subject/1851857/comments", "people_url": "https://www.douban.com/people/anikijo/", "star": "allstar50 rating"}
{"movie_id": ["cbtn-1851857"], "comment_id": 36697714, "people": "evonne||芝士命", "useful_num": "2018", "time": ["2009-05-16 11:12:11"], "content": [" 好到一秒钟都不曾浪费\n        "], "URL": "https://movie.douban.com/subject/1851857/comments", "people_url": "https://www.douban.com/people/evonnegotoitaly/", "star": "allstar50 rating"}
{"movie_id": ["cbtn-1851857"], "comment_id": 66093966, "people": "穆玉修", "useful_num": "1780", "time": ["2008-10-17 18:46:13"], "content": [" Christopher Nolan太厉害了，好莱坞漫画类型片居然能拍到这样的高度...\n        "], "URL": "https://movie.douban.com/subject/1851857/comments", "people_url": "https://www.douban.com/people/Pierrot/", "star": "allstar50 rating"}
{"movie_id": ["cbtn-1851857"], "comment_id": 142916816, "people": "fishlee", "useful_num": "1738", "time": ["2009-07-28 10:21:42"], "content": [" 大片中很有内涵的一部，不管是人们心中暗自涌动的对小丑疯狂灭世主义的不安的共鸣，还是对蝙蝠侠孤独暗夜行走的英雄惜英雄般同情，其实都是人们对这个世界失望的一种情绪释放。其实小丑说的很对，他和蝙蝠侠很像，都是异类，只不过蝙蝠侠把痛苦留给自己，顽固地去坚守一丝信仰，而小丑把痛苦还给世界。\n        "], "URL": "https://movie.douban.com/subject/1851857/comments", "people_url": "https://www.douban.com/people/fishlee/", "star": "allstar50 rating"}
{"movie_id": ["cbtn-1851857"], "comment_id": 58833374, "people": "云倾", "useful_num": "1561", "time": ["2008-09-10 11:56:30"], "content": [" 小丑把该说的不该说的都说了 蝙蝠侠把该做的不该做的都做了 生命在于抉择 英雄的时代已经逝去了\n        "], "URL": "https://movie.douban.com/subject/1851857/comments", "people_url": "https://www.douban.com/people/1298173/", "star": "allstar50 rating"}
{"movie_id": ["cbtn-1851857"], "comment_id": 59638056, "people": "Jin Unrated", "useful_num": "1203", "time": ["2008-09-15 12:48:37"], "content": [" 对于这么优秀的电影来说，再多的赞美都是多余的。\n        "], "URL": "https://movie.douban.com/subject/1851857/comments", "people_url": "https://www.douban.com/people/moneylatem/", "star": "allstar50 rating"}
{"movie_id": ["cbtn-1851857"], "comment_id": 62231679, "people": "小眉", "useful_num": "1074", "time": ["2008-09-29 21:32:44"], "content": [" 光明与黑暗是同一个人的两张脸\n        "], "URL": "https://movie.douban.com/subject/1851857/comments", "people_url": "https://www.douban.com/people/rinku/", "star": "allstar50 rating"}
{"movie_id": ["cbtn-1851857"], "comment_id": 74065101, "people": "37°2", "useful_num": "979", "time": ["2008-11-21 12:41:29"], "content": [" 赞誉众口一致夸上了天，百闻不如一见，这种连环画超级英雄故事居然能扯到第六集真是要把编剧逼跳楼了，最后呈现的暗夜骑士全然超越了原著，悲怆到迷人的境界，着实是个奇迹。剧本确实很卓越，导演确实很出色，还有演技真是不得不叹服一下太tmd震撼\n        "], "URL": "https://movie.douban.com/subject/1851857/comments", "people_url": "https://www.douban.com/people/little_cupid/", "star": "allstar40 rating"}
{"movie_id": ["cbtn-1851857"], "comment_id": 75971873, "people": "荔枝超人", "useful_num": "704", "time": ["2008-11-29 16:36:15"], "content": [" Batman是最不漫画的漫画英雄，也正因为这一点，使之最有可能成为跨越犯罪剧情片和漫画英雄片界限的特例。而这一次，编导精准的抓到了这一点，把这部电影打造得丰富严谨又酷劲十足，无论是满足视听还是人性复杂层面的挖掘上都做到了堪称完美！\n        "], "URL": "https://movie.douban.com/subject/1851857/comments", "people_url": "https://www.douban.com/people/richer725/", "star": "allstar50 rating"}
{"movie_id": ["cbtn-1851857"], "comment_id": 58863733, "people": "illusion", "useful_num": "643", "time": ["2008-09-10 15:35:09"], "content": [" 当之无愧最出色的商业电影！\n        "], "URL": "https://movie.douban.com/subject/1851857/comments", "people_url": "https://www.douban.com/people/illusion/", "star": "allstar50 rating"}
{"movie_id": ["cbtn-1851857"], "comment_id": 79725066, "people": "影志", "useful_num": "530", "time": ["2008-12-14 15:32:12"], "content": [" “有些人并不喜欢那些常人偏爱的东西，比如金钱，他们不被收买、不会被恐吓、不可理喻、更不接受谈判，有些人就想看人间地狱。” 也只有蝙蝠侠，才能让小丑变得完整。无尽的黑暗。\n        "], "URL": "https://movie.douban.com/subject/1851857/comments", "people_url": "https://www.douban.com/people/tjz230/", "star": "allstar50 rating"}
{"movie_id": ["cbtn-1851857"], "comment_id": 40579171, "people": "PROMISE921", "useful_num": "524", "time": ["2009-01-05 18:14:27"], "content": [" 什么侠不看 蝙蝠侠不能不看！\n        "], "URL": "https://movie.douban.com/subject/1851857/comments", "people_url": "https://www.douban.com/people/promise921/", "star": "allstar50 rating"}
{"movie_id": ["cbtn-1851857"], "comment_id": 76560856, "people": "五色全味", "useful_num": "444", "time": ["2008-12-02 00:05:09"], "content": [" 诺兰的叙事能力不但在于结构上。。他总有一个与众不同的主题\n        "], "URL": "https://movie.douban.com/subject/1851857/comments", "people_url": "https://www.douban.com/people/wusequanwei/", "star": "allstar40 rating"}
{"movie_id": ["cbtn-1851857"], "comment_id": 54894893, "people": "奇爱小姐", "useful_num": "417", "time": ["2008-08-17 23:01:37"], "content": [" 整部片子，逻辑混乱，剪辑无序，故事情节夸张。看完我只记得那个犯人把炸弹控制器扔入船外那一个片断。\n        "], "URL": "https://movie.douban.com/subject/1851857/comments", "people_url": "https://www.douban.com/people/kylie7749/", "star": "allstar20 rating"}
{"movie_id": ["cbtn-1851857"], "comment_id": 80434262, "people": "何生生", "useful_num": "346", "time": ["2008-12-17 03:21:16"], "content": [" 美国人还是很喜欢说教的，中国观众也很乐意听美国人说教，你认可了别人的价值观，别人可没准备带你玩，省省吧各位。船上按炸药的场面无耻之极，那个集体欢呼十分下流。\n        "], "URL": "https://movie.douban.com/subject/1851857/comments", "people_url": "https://www.douban.com/people/heshengsheng/", "star": "allstar10 rating"}
{"movie_id": ["cbtn-1851857"], "comment_id": 78750996, "people": "巽", "useful_num": "288", "time": ["2008-12-11 00:13:51"], "content": [" 我明白为什么会一而再再而三的看睡着而不喜欢这个系列了：丫一边想要玩阴暗绝望一边又把态度端着，唧唧歪歪整个一事儿妈~\n        "], "URL": "https://movie.douban.com/subject/1851857/comments", "people_url": "https://www.douban.com/people/nothingbut/", "star": "allstar20 rating"}
{"movie_id": ["cbtn-1851857"], "comment_id": 51216518, "people": "浮生若梦", "useful_num": "334", "time": ["2009-01-27 22:23:16"], "content": [" 08年最好的一部片子。\n        "], "URL": "https://movie.douban.com/subject/1851857/comments", "people_url": "https://www.douban.com/people/irissong/", "star": "allstar50 rating"}
{"movie_id": ["cbtn-1293350"], "comment_id": 69696229, "people": "任晓雯", "useful_num": "1145", "time": ["2008-11-02 14:22:24"], "content": [" 中国多少年轻导演在学这风格\n        "], "URL": "https://movie.douban.com/subject/1293350/comments", "people_url": "https://www.douban.com/people/renxiaowen/", "star": "allstar50 rating"}
{"movie_id": ["cbtn-1293350"], "comment_id": 574801525, "people": "e|理智型神经病", "useful_num": "1163", "time": ["2012-08-31 00:24:43"], "content": [" 没有人尝试那个卖假JB的想法么！\n        "], "URL": "https://movie.douban.com/subject/1293350/comments", "people_url": "https://www.douban.com/people/ee1101/", "star": "allstar50 rating"}
{"movie_id": ["cbtn-1293350"], "comment_id": 28432312, "people": "老鸡｜扶立", "useful_num": "1051", "time": ["2008-01-10 16:58:45"], "content": [" 嘛叫编剧功夫？界就叫编剧的功夫！\n        "], "URL": "https://movie.douban.com/subject/1293350/comments", "people_url": "https://www.douban.com/people/jimo/", "star": "allstar50 rating"}
{"movie_id": ["cbtn-1293350"], "comment_id": 4149728, "people": "大头绿豆", "useful_num": "641", "time": ["2006-07-17 21:27:12"], "content": [" 结构很精细。艾德输光了钱的时候，恍惚出门，扶着墙吐，很真实。一贯老实的厨子打劫前突然说，带把刀好：Guns for show,knives for a pro.——你是不是有什么不为人知的过去？我不知道是马上要打劫可怕还是你的过去可怕。\n        "], "URL": "https://movie.douban.com/subject/1293350/comments", "people_url": "https://www.douban.com/people/bighead/", "star": "allstar40 rating"}
{"movie_id": ["cbtn-1293350"], "comment_id": 7280883, "people": "唐小糖·", "useful_num": "571", "time": ["2006-11-19 05:14:19"], "content": [" 克里斯说:\"整个过程让我感动!\"\n        "], "URL": "https://movie.douban.com/subject/1293350/comments", "people_url": "https://www.douban.com/people/txt725/", "star": "allstar50 rating"}
{"movie_id": ["cbtn-1293350"], "comment_id": 316816303, "people": "TianXin Chen", "useful_num": "455", "time": ["2010-11-22 00:01:44"], "content": [" 大轮回剧情，赞不绝口。配乐无比踩点。特写连毛孔胡渣都分毫毕现。摇摇欲坠，坐在各种笑料回荡的嘴角上，寻着被烟熏的发黄的咯吱作响的牙齿，就快要从这口腔中滑落下去。笑到背气的是帅哥那严峻，放纵时而又苦逼崩溃的脸。铤而走险后疯癫狂欢，年轻人们决不会想到这一切都只是纠葛的开始。\n        "], "URL": "https://movie.douban.com/subject/1293350/comments", "people_url": "https://www.douban.com/people/nineveh/", "star": "allstar50 rating"}
{"movie_id": ["cbtn-1293350"], "comment_id": 48524825, "people": "Soblue", "useful_num": "420", "time": ["2008-07-10 17:09:11"], "content": [" 我觉得这片儿里的小混混们都挺有型的.\n        "], "URL": "https://movie.douban.com/subject/1293350/comments", "people_url": "https://www.douban.com/people/soblue.solo/", "star": "allstar40 rating"}
{"movie_id": ["cbtn-1293350"], "comment_id": 40329159, "people": "衣服", "useful_num": "366", "time": ["2008-05-11 15:42:59"], "content": [" 周杰伦捧红了萧邦，疯狂的石头捧红了两杆大烟枪，夜宴捧红了哈姆雷特，集结号捧红了太极旗飘飘？\n        "], "URL": "https://movie.douban.com/subject/1293350/comments", "people_url": "https://www.douban.com/people/garment/", "star": "comment-time"}
{"movie_id": ["cbtn-1293350"], "comment_id": 1467545, "people": "独行狼", "useful_num": "340", "time": ["2008-07-18 14:02:29"], "content": [" 从此开始喜欢上英伦范儿。我真的是太喜欢这部电影鸟。\n        "], "URL": "https://movie.douban.com/subject/1293350/comments", "people_url": "https://www.douban.com/people/guoyilang/", "star": "allstar50 rating"}
{"movie_id": ["cbtn-1293350"], "comment_id": 57404545, "people": "小耳朵图吗", "useful_num": "303", "time": ["2008-09-01 08:33:13"], "content": [" 貌似疯狂的石头就是在模仿这部片子。麦当娜的前夫的作品。\n        "], "URL": "https://movie.douban.com/subject/1293350/comments", "people_url": "https://www.douban.com/people/onshuway/", "star": "allstar40 rating"}
{"movie_id": ["cbtn-1293350"], "comment_id": 376137096, "people": "轻飘飘的旧时光", "useful_num": "238", "time": ["2011-04-09 13:30:35"], "content": [" 疯狂的石头在他面前只是浮云\n        "], "URL": "https://movie.douban.com/subject/1293350/comments", "people_url": "https://www.douban.com/people/liangning/", "star": "allstar50 rating"}
{"movie_id": ["cbtn-1293350"], "comment_id": 7408156, "people": "Chris Tang", "useful_num": "209", "time": ["2006-11-23 14:54:39"], "content": [" 谁说这片子比猜火车好的?\n        "], "URL": "https://movie.douban.com/subject/1293350/comments", "people_url": "https://www.douban.com/people/tangmenxiaosan/", "star": "allstar30 rating"}
{"movie_id": ["cbtn-1293350"], "comment_id": 195847485, "people": "影志", "useful_num": "192", "time": ["2009-12-29 01:44:22"], "content": [" 犯罪都那么的英伦范，盖·里奇构造了一出无巧不成书的黑色喜剧，调侃、刺激，别有一番滋味。“四个臭皮匠顶个诸葛亮，盖·里奇果然不是盖的。”\n        "], "URL": "https://movie.douban.com/subject/1293350/comments", "people_url": "https://www.douban.com/people/tjz230/", "star": "allstar40 rating"}
{"movie_id": ["cbtn-1293350"], "comment_id": 18546892, "people": "MIFFYGAGA", "useful_num": "112", "time": ["2007-09-30 18:06:32"], "content": [" 果真没让我失望 喜欢这样能让你笑着紧张的好电影\n        "], "URL": "https://movie.douban.com/subject/1293350/comments", "people_url": "https://www.douban.com/people/gucci122/", "star": "allstar50 rating"}
{"movie_id": ["cbtn-1293350"], "comment_id": 80058363, "people": "贾不许", "useful_num": "127", "time": ["2008-12-15 19:09:11"], "content": [" If you hold back anything, I'll kill you.\r\nIf you bend the truth, or I think you are, I'll kill you.\r\nIf you forget anything, I'll kill you.\r\nIn fact, you'll have to work very hard to stay alive, Nick.\r\nDo you understand everything I've said?\r\nBecause if \n        "], "URL": "https://movie.douban.com/subject/1293350/comments", "people_url": "https://www.douban.com/people/yuanyuandouban/", "star": "allstar40 rating"}]