[{"useful_num": "1597", "content": [" 想起史铁生的一句话：“历史在发生时未被发现，在发现时已被重组”，没有绝对的真实能在叙述中被还原。很赞同看过的一个说法“谎言的对立面是宽容”，听者的理解力与接受度影响着叙述者对真相还原的保留度，你若能对他的懦弱退让和罪恶表示宽容，兴许由着这份信任就能更贴近真相了。\n        "], "people": "瞳", "star": "allstar50 rating", "comment_id": 313862092, "time": ["2010-11-10 23:09:35"], "URL": "https://movie.douban.com/subject/1291879/comments", "movie_id": ["cbtn-1291879"], "people_url": "https://www.douban.com/people/beforeleave/"}
{"useful_num": "699", "content": [" 照二十一世纪的眼光来看，这部片子挺大惊小怪 \n        "], "people": "思阳", "star": "allstar20 rating", "comment_id": 31093488, "time": ["2008-02-11 15:53:01"], "URL": "https://movie.douban.com/subject/1291879/comments", "movie_id": ["cbtn-1291879"], "people_url": "https://www.douban.com/people/seonlady/"}
{"useful_num": "539", "content": [" 如果不是那一阵风\n        "], "people": "渍", "star": "allstar40 rating", "comment_id": 260305349, "time": ["2010-06-13 10:45:58"], "URL": "https://movie.douban.com/subject/1291879/comments", "movie_id": ["cbtn-1291879"], "people_url": "https://www.douban.com/people/phoebejk/"}
{"useful_num": "460", "content": [" 强盗是个2B 女人是狡猾的狐狸 它老公是个自私鬼 讲故事的是个伪君子 鉴定完毕\n        "], "people": "Tussen", "star": "allstar50 rating", "comment_id": 481276082, "time": ["2012-01-12 13:14:30"], "URL": "https://movie.douban.com/subject/1291879/comments", "movie_id": ["cbtn-1291879"], "people_url": "https://www.douban.com/people/weituu/"}
{"useful_num": "365", "content": [" 看不下去啊看不下去啊女主角太丑...\n        "], "people": "400blows", "star": "allstar30 rating", "comment_id": 43924, "time": ["2005-07-07 20:31:13"], "URL": "https://movie.douban.com/subject/1291879/comments", "movie_id": ["cbtn-1291879"], "people_url": "https://www.douban.com/people/wildzeven/"}
{"useful_num": "404", "content": [" 看于复旦三教的一个夜晚。走出教室，但走不出黑泽明。\n        "], "people": "rhyme", "star": "allstar50 rating", "comment_id": 28201541, "time": ["2008-01-07 17:54:11"], "URL": "https://movie.douban.com/subject/1291879/comments", "movie_id": ["cbtn-1291879"], "people_url": "https://www.douban.com/people/myrhyme/"}
{"useful_num": "263", "content": [" 谎言是人性的救命稻草\n        "], "people": "Over5", "star": "allstar40 rating", "comment_id": 11936791, "time": ["2007-03-20 10:47:13"], "URL": "https://movie.douban.com/subject/1291879/comments", "movie_id": ["cbtn-1291879"], "people_url": "https://www.douban.com/people/Over5/"}
{"useful_num": "195", "content": [" 开创一种电影题材：罗生门式\n        "], "people": "慢先森", "star": "allstar50 rating", "comment_id": 1136582, "time": ["2006-01-14 23:35:12"], "URL": "https://movie.douban.com/subject/1291879/comments", "movie_id": ["cbtn-1291879"], "people_url": "https://www.douban.com/people/mr.slow/"}
{"useful_num": "171", "content": [" 倒没见着大的恶，只见到了人的软弱以及在他人面前掩饰这软弱。。或许软弱就是恶？片头还以为是中国片呢，林中那段光影很不错。里面的笑声有些做作。。。\n        "], "people": "暖鱼", "star": "allstar50 rating", "comment_id": 98520469, "time": ["2009-02-23 00:23:32"], "URL": "https://movie.douban.com/subject/1291879/comments", "movie_id": ["cbtn-1291879"], "people_url": "https://www.douban.com/people/luanluanyu/"}
{"useful_num": "136", "content": [" 人，不需要任何理由就要说谎\n        "], "people": "时间之葬", "star": "allstar40 rating", "comment_id": 46690995, "time": ["2008-06-26 22:42:31"], "URL": "https://movie.douban.com/subject/1291879/comments", "movie_id": ["cbtn-1291879"], "people_url": "https://www.douban.com/people/ydyie/"}
{"useful_num": "108", "content": [" 摄影机第一次进入了森林的内在，三船敏郎奉献了自己不断变化，放浪形骸、富有层次感的高超演技。\n        "], "people": "袁牧", "star": "allstar50 rating", "comment_id": 208785484, "time": ["2010-01-27 17:37:00"], "URL": "https://movie.douban.com/subject/1291879/comments", "movie_id": ["cbtn-1291879"], "people_url": "https://www.douban.com/people/yuanmu/"}
{"useful_num": "117", "content": [" 「人对于自己的事不会实话实说，谈他自己的事的时候，不可能不加虚饰。这个剧本描写的就是不加虚饰就活不下去的人的本性。甚至可以这样说：人就算死了也不会放弃虚饰，可见人的罪孽如何之深。这是一幅描绘人与生俱来的罪孽和人难以更改的本性、展示人的利己心的奇妙画卷。诸位说仍然不懂这个剧本，因为\n        "], "people": "握不住的灵魂", "star": "allstar40 rating", "comment_id": 563524083, "time": ["2012-08-02 20:02:59"], "URL": "https://movie.douban.com/subject/1291879/comments", "movie_id": ["cbtn-1291879"], "people_url": "https://www.douban.com/people/csp/"}
{"useful_num": "123", "content": [" 在某处电锯装修声音中看了最恐怖的那段。很惊神。受不了日本女人没眉毛。。。\n        "], "people": "饥饿艺术家", "star": "allstar40 rating", "comment_id": 133141998, "time": ["2009-06-24 14:15:28"], "URL": "https://movie.douban.com/subject/1291879/comments", "movie_id": ["cbtn-1291879"], "people_url": "https://www.douban.com/people/hackey/"}
{"useful_num": "74", "content": [" 如果早看便会早明白一些事,但有些错仍需不可避免地犯.所以不必费劲脑子想那些没亲眼见到的事.见到都未必与对方达成共识,何况只是听说只是异想.\n        "], "people": "MIFFYGAGA", "star": "allstar40 rating", "comment_id": 173151434, "time": ["2009-10-31 13:50:09"], "URL": "https://movie.douban.com/subject/1291879/comments", "movie_id": ["cbtn-1291879"], "people_url": "https://www.douban.com/people/gucci122/"}
{"useful_num": "73", "content": [" 1950年，震撼！\n        "], "people": "艾小柯", "star": "allstar40 rating", "comment_id": 65004824, "time": ["2008-10-12 16:32:57"], "URL": "https://movie.douban.com/subject/1291879/comments", "movie_id": ["cbtn-1291879"], "people_url": "https://www.douban.com/people/aixiaoke/"}
{"useful_num": "67", "content": [" 再次认真观看时才发现摄影剪辑精妙之处。\n        "], "people": "巴乌", "star": "allstar50 rating", "comment_id": 3988295, "time": ["2006-07-07 21:05:23"], "URL": "https://movie.douban.com/subject/1291879/comments", "movie_id": ["cbtn-1291879"], "people_url": "https://www.douban.com/people/w85824/"}
{"useful_num": "52", "content": [" 凑合，跟芥川龙之介的原著没法比\n        "], "people": "左胸上的吸盘", "star": "allstar30 rating", "comment_id": 2252597, "time": ["2006-04-04 17:21:09"], "URL": "https://movie.douban.com/subject/1291879/comments", "movie_id": ["cbtn-1291879"], "people_url": "https://www.douban.com/people/CFJ/"}
{"useful_num": "55", "content": [" 人类生来就是自私的，在这个故事里没有谁对谁错。谎言＋推翻，即使在近几年这种形式仍旧很时兴。\n        "], "people": "张天师", "star": "allstar50 rating", "comment_id": 6735526, "time": ["2006-10-31 16:22:16"], "URL": "https://movie.douban.com/subject/1291879/comments", "movie_id": ["cbtn-1291879"], "people_url": "https://www.douban.com/people/HardCandy/"}
{"useful_num": "51", "content": [" “住在罗生门这儿的鬼因为害怕人类的凶残而逃走了。”此类电影的开山鼻祖，但相对而言弱于原著不少，但毫无疑问，在50年代能拍出这样的一部电影，带来的震撼可想而知。人性中赤裸裸的谎言、软弱、猜忌和不信任，影片作为一面明镜，直入人心。★★★☆\n        "], "people": "Q。", "star": "allstar40 rating", "comment_id": 434440386, "time": ["2011-09-09 15:27:52"], "URL": "https://movie.douban.com/subject/1291879/comments", "movie_id": ["cbtn-1291879"], "people_url": "https://www.douban.com/people/airan712/"}
{"useful_num": "46", "content": [" What the hell is the Truth?\n        "], "people": "dionysus", "star": "comment-time", "comment_id": 1888661, "time": ["2006-03-12 12:27:07"], "URL": "https://movie.douban.com/subject/1291879/comments", "movie_id": ["cbtn-1291879"], "people_url": "https://www.douban.com/people/dionysus/"}
{"useful_num": "2990", "content": [" 如果说建党伟业是只看标题就可以打一星，那么哈利波特就是没有上映就可以打五星\n        "], "people": "东方战线", "star": "allstar50 rating", "comment_id": 414240307, "time": ["2011-07-15 13:58:38"], "URL": "https://movie.douban.com/subject/3011235/comments", "movie_id": ["cbtn-3011235"], "people_url": "https://www.douban.com/people/51013512/"}
{"useful_num": "2468", "content": [" 电影的质量不重要了。每一个打五星的人，都是在谢幕前向自己过去的十年致敬。十年，足够让它长成你的血肉呼吸。Like never before. Like never again.\n        "], "people": "🍉", "star": "allstar50 rating", "comment_id": 411665470, "time": ["2011-07-08 12:54:16"], "URL": "https://movie.douban.com/subject/3011235/comments", "movie_id": ["cbtn-3011235"], "people_url": "https://www.douban.com/people/scorpiobernina/"}
{"useful_num": "1980", "content": [" 一整场电影下来大家都很安静，几乎没有人说话，都掉进了长达十年的回忆之中，百感交集，直到结束，但是所有人都知道，它将永远不会结束，也许每个人心中都在期待着某一天自己的会收到霍格沃茨的offer然后拿着行李冲向九又四分之三站台。对于我这种脑残粉来说，给一百颗星都不够。\n        "], "people": "办公室甜心", "star": "allstar50 rating", "comment_id": 413958086, "time": ["2011-07-14 17:31:12"], "URL": "https://movie.douban.com/subject/3011235/comments", "movie_id": ["cbtn-3011235"], "people_url": "https://www.douban.com/people/kirk1226/"}
{"useful_num": "1636", "content": [" 我们的童年结束了，希望下一代人的童年里还会有魔法师，还会有霍格沃茨。\n        "], "people": "Mr。King", "star": "allstar50 rating", "comment_id": 410470103, "time": ["2011-07-14 19:35:38"], "URL": "https://movie.douban.com/subject/3011235/comments", "movie_id": ["cbtn-3011235"], "people_url": "https://www.douban.com/people/hello.louis/"}
{"useful_num": "1021", "content": [" 经历了Pt. 1的铺垫全片只有高潮. 零点首映结束后全场鼓掌很久. 于是余生就再也不会有新的Harry Potter电影了.\n        "], "people": "YuRAY", "star": "allstar50 rating", "comment_id": 413431351, "time": ["2011-07-13 09:08:41"], "URL": "https://movie.douban.com/subject/3011235/comments", "movie_id": ["cbtn-3011235"], "people_url": "https://www.douban.com/people/YuRAY/"}
{"useful_num": "976", "content": [" 前戏了十年，终于高潮了。\n        "], "people": "关节炎", "star": "allstar50 rating", "comment_id": 414546513, "time": ["2011-07-16 11:43:17"], "URL": "https://movie.douban.com/subject/3011235/comments", "movie_id": ["cbtn-3011235"], "people_url": "https://www.douban.com/people/tipseek/"}
{"useful_num": "933", "content": [" 丹尼尔终极大叔的面庞标刻着我们的少年时代彻底完结\n        "], "people": "马鹿", "star": "allstar50 rating", "comment_id": 413706010, "time": ["2011-07-13 22:45:06"], "URL": "https://movie.douban.com/subject/3011235/comments", "movie_id": ["cbtn-3011235"], "people_url": "https://www.douban.com/people/Mani.M/"}
{"useful_num": "814", "content": [" 不管爱与不爱都已到尽头，即使有以后又新的哈利波特电影，也已经是另外一个世界，与我们的哈利无关。五颗星是必须的，泪流满面。\n        "], "people": "愚人者", "star": "allstar50 rating", "comment_id": 406102135, "time": ["2011-06-22 18:06:00"], "URL": "https://movie.douban.com/subject/3011235/comments", "movie_id": ["cbtn-3011235"], "people_url": "https://www.douban.com/people/cuisite/"}
{"useful_num": "703", "content": [" 这绝对是David Yates这闷老头的巅峰之作了，虽然大部分场景3D效果非常不明显，但是仍有最后boss灰飞烟灭之类的场景充分体现了3D的美感。剧情安排相当紧凑，终于可以不必在太闷的过场掐自己大腿。结局的列车发车时的轰鸣声让我仿佛又回到了第一部，当时的我和小哈利一样依然很年轻。\n        "], "people": "暹罗copen", "star": "allstar50 rating", "comment_id": 413759928, "time": ["2011-07-14 01:29:04"], "URL": "https://movie.douban.com/subject/3011235/comments", "movie_id": ["cbtn-3011235"], "people_url": "https://www.douban.com/people/copenlee/"}
{"useful_num": "589", "content": [" 印象很深刻的一幕，恐怕今生難忘，是我旁邊坐的兩個朋克90后在斯耐普死的時候娃娃大哭。\n        "], "people": "sean cheung", "star": "comment-time", "comment_id": 413531034, "time": ["2011-07-13 14:37:56"], "URL": "https://movie.douban.com/subject/3011235/comments", "movie_id": ["cbtn-3011235"], "people_url": "https://www.douban.com/people/seancheung/"}
{"useful_num": "411", "content": [" 我就想问问，年轻的格林德沃和邓布利多在哪儿？！都是坑爹的噱头啊！！\n        "], "people": "超立方蛤体", "star": "allstar40 rating", "comment_id": 213784988, "time": ["2011-07-14 04:43:27"], "URL": "https://movie.douban.com/subject/3011235/comments", "movie_id": ["cbtn-3011235"], "people_url": "https://www.douban.com/people/seven117/"}
{"useful_num": "414", "content": [" 终结篇还不给满星的人Voldy不会放过乃们唷！\n        "], "people": "Sailor Meow", "star": "allstar50 rating", "comment_id": 184345920, "time": ["2011-07-13 18:48:05"], "URL": "https://movie.douban.com/subject/3011235/comments", "movie_id": ["cbtn-3011235"], "people_url": "https://www.douban.com/people/catvoldemort/"}
{"useful_num": "369", "content": [" 昨天看完后，太多的感情涌上来，以至让我不知该如何评述。看的过程中闪回很多回忆，当时的那些狂热，对霍格沃茨的的期待，以及延绵了十年的关注。我想 大概以后都不会有这么一部作品能带给我那么多的感觉了。十年一梦，终将落幕。But in our heart, it never ends.\n        "], "people": "バカ蓝蓝", "star": "allstar50 rating", "comment_id": 414146179, "time": ["2011-07-15 08:40:19"], "URL": "https://movie.douban.com/subject/3011235/comments", "movie_id": ["cbtn-3011235"], "people_url": "https://www.douban.com/people/xia-guo/"}
{"useful_num": "309", "content": [" 结束了结束了结束了。姐姐的青春和爱情都跟着一起结束了。结局篇就是看在这十年的相伴上也得给五星啊。这部电影的存在已经构成感情绑架了。教授太萌了……你就这么萌死了……\n        "], "people": "小斑", "star": "allstar50 rating", "comment_id": 413442453, "time": ["2011-07-13 09:56:45"], "URL": "https://movie.douban.com/subject/3011235/comments", "movie_id": ["cbtn-3011235"], "people_url": "https://www.douban.com/people/petitespot/"}
{"useful_num": "299", "content": [" 哈利波特最好看一部！斯内普那一段，全场寂静一点声音都没有\n        "], "people": "澈黑", "star": "allstar50 rating", "comment_id": 413715366, "time": ["2011-07-13 23:06:32"], "URL": "https://movie.douban.com/subject/3011235/comments", "movie_id": ["cbtn-3011235"], "people_url": "https://www.douban.com/people/sohungry/"}
{"useful_num": "239", "content": [" 3.5★ 不談感情，這是我看完HP7.2的感受。如果你睡得朦朦朧朧的去看早場，也許會冷靜幾倍。HP7.2給我的感覺是結構很鬆散，簡略帶過、細節位少、3D失敗、配樂還算可以，有炫酷的特技、奈威和露娜的出場成亮點，說到笑位應該屬於最後成老爸、老媽那一段了。最後只能說：我們長大了，電影沒一起長大。\n        "], "people": "潛水云", "star": "allstar40 rating", "comment_id": 413954862, "time": ["2011-07-14 17:22:10"], "URL": "https://movie.douban.com/subject/3011235/comments", "movie_id": ["cbtn-3011235"], "people_url": "https://www.douban.com/people/SamsonOu/"}
{"useful_num": "237", "content": [" 3D+IMAX观影体验极赞！不得不说，这是除第一部给我带来惊喜以后的又一次盛宴。给予五星并不单纯是因为伴随着这么多年下来的感情，还同时因为影片本身也很出色。情节紧凑，诸多场景颇具压迫感，从始至终满满都是高潮。伴随着那辆驶向霍格沃兹得列车开出，积累两个小时的情绪终究爆发。★★★★★\n        "], "people": "Q。", "star": "allstar50 rating", "comment_id": 414460580, "time": ["2011-07-16 00:43:34"], "URL": "https://movie.douban.com/subject/3011235/comments", "movie_id": ["cbtn-3011235"], "people_url": "https://www.douban.com/people/airan712/"}
{"useful_num": "267", "content": [" 五星也是一起纪念青春的（泪目）\n        "], "people": "010101", "star": "allstar50 rating", "comment_id": 411869055, "time": ["2011-07-08 22:51:16"], "URL": "https://movie.douban.com/subject/3011235/comments", "movie_id": ["cbtn-3011235"], "people_url": "https://www.douban.com/people/ilovelukas/"}
{"useful_num": "278", "content": [" “你还爱着莉莉，斯内普？”“永远！”\n        "], "people": "男娼起义", "star": "allstar50 rating", "comment_id": 421900013, "time": ["2011-08-04 22:55:21"], "URL": "https://movie.douban.com/subject/3011235/comments", "movie_id": ["cbtn-3011235"], "people_url": "https://www.douban.com/people/daladida/"}
{"useful_num": "208", "content": [" 十年 我的青春期开始和结束。等待十年的霍格沃斯通知书，等来的终是社会的入场券。十年前就猜中它的结局，却没猜中自己的\n        "], "people": "易木三顺", "star": "allstar50 rating", "comment_id": 402451869, "time": ["2011-07-16 10:54:27"], "URL": "https://movie.douban.com/subject/3011235/comments", "movie_id": ["cbtn-3011235"], "people_url": "https://www.douban.com/people/sadtango12/"}
{"useful_num": "976", "content": [" 我们目击的事实，往往只是浮出水面的冰凌，冰山下面的巨大事实，更排山倒海穿透视听。\n我们直面的人生舞台，也许只是化蝶幻影，层层垂帘般幕后的故事，更震撼世道人心。\n        "], "people": "贝塔先生", "star": "allstar50 rating", "comment_id": 668945259, "time": ["2013-04-18 21:09:15"], "URL": "https://movie.douban.com/subject/10777687/comments", "movie_id": ["cbtn-10777687"], "people_url": "https://www.douban.com/people/yahooor/"}
{"useful_num": "779", "content": [" 看这么虐心的电影我都没哭，可能真的没什么电影可以让我哭了。如果想挥泪解毒的，可以尝试一下，十有八九会哭个稀里哗啦的。电影不乏刻意之处，但胡椒芥末用量太足，不中招也难，中国要能拍出这种杀伤力的催泪弹来，票房十亿起。\n        "], "people": "麻绳", "star": "allstar40 rating", "comment_id": 670334370, "time": ["2013-04-22 00:33:37"], "URL": "https://movie.douban.com/subject/10777687/comments", "movie_id": ["cbtn-10777687"], "people_url": "https://www.douban.com/people/ma-sheng/"}]

